{"cameraMode":{"drawMode":0,"name":"Shaded","section":"Shading Mode"},"sceneLighting":false,"audioPlay":false,"sceneViewState":{"showFog":true,"showMaterialUpdate":false,"showSkybox":true,"showFlares":true,"showImageEffects":true,"showParticleSystems":true},"in2DMode":false,"pivot":{"x":-5.070683002471924,"y":0.7517225742340088,"z":-2.6602859497070314},"rotation":{"x":0.15085579454898835,"y":-0.6758916974067688,"z":0.14434154331684113,"w":0.7069672346115112},"size":5.126659870147705,"orthographic":false}